<?xml version = "1.0" encoding = "utf-8"?>
<!DOCTYPE hibernate-configuration SYSTEM
        "http://www.hibernate.org/dtd/hibernate-configuration-3.0.dtd">
<hibernate-configuration>
    <session-factory>
        <property name="hibernate.dialect">org.hibernate.dialect.H2Dialect</property>
        <property name="hibernate.connection.driver_class">org.h2.Driver</property>
        <property name="hibernate.connection.url">jdbc:h2:./data/shelter</property>
        <property name="hibernate.connection.username">sa</property>
        <property name="hibernate.connection.password"></property>
        <property name="hibernate.connection.pool_size">1</property>
        <property name="hibernate.show_sql">false</property>
        <property name="hibernate.hbm2ddl.auto">create</property>

        <mapping class="model.Prediction"/>
        <mapping class="model.WeatherStation"/>
    </session-factory>
</hibernate-configuration>