<?xml version="1.0" encoding="UTF-8"?>
<!DOCTYPE hibernate-configuration PUBLIC
        "-//Hibernate/Hibernate Configuration DTD 3.0//EN"
        "http://www.hibernate.org/dtd/hibernate-configuration-3.0.dtd">
<hibernate-configuration>
    <session-factory>
        <!--  JDBC Database connection settings  -->
        <property name="connection.driver_class">org.h2.Driver</property>
        <property name="connection.url">jdbc:h2:./data/film</property>
        <property name="connection.username">sa</property>
        <property name="connection.password"/>
        <property name="connection.pool_size">1</property>
        <property name="dialect">org.hibernate.dialect.H2Dialect</property>
        <property name="show_sql">true</property>
        <property name="current_session_context_class">thread</property>
        <property name="hbm2ddl.auto">create</property>
        <mapping class="labo9.entity.Student"/>
    </session-factory>
</hibernate-configuration>